<?xml version="1.0" encoding="utf-8"?>
<feed xmlns="http://www.w3.org/2005/Atom"
    xmlns:rdf="http://www.w3.org/1999/02/22-rdf-syntax-ns#"
    xmlns:leap2="http://terms.leapspecs.org/"
    xmlns:categories="http://wiki.leapspecs.org/2A/categories/"
    xmlns:portfolio="https://eportfolio.u-pec.fr/export/leap/2993/1663572430/"
    xmlns:mahara="http://wiki.mahara.org/Developer_Area/Import%2F%2FExport/LEAP_Extensions#"
>
    <leap2:version>http://www.leapspecs.org/2010-07/2A/</leap2:version>
    <id>https://eportfolio.u-pec.fr/export/2993/1663572430</id>
    <title>Mahara Leap2A Export for Ahmed BOUMAIZA, 19/09/2022 09:27</title>
    <updated>2022-09-19T09:09:10+02:00</updated>
    <generator uri="https://mahara.org/" version="2008122400">Mahara</generator>
    <author>
        <name>Ahmed BOUMAIZA</name>
        <email>ahmed.boumaiza@etu.u-pec.fr</email>
        <uri>portfolio:artefactinternal</uri>
    </author>

    <entry>
        <title>DECOUVERTE DE MAHARA</title>
        <id>portfolio:view24086</id>

        <updated>2021-10-10T15:03:25+02:00</updated>
        <published>2021-09-24T14:02:46+02:00</published>

        <summary type="xhtml"><div xmlns="http://www.w3.org/1999/xhtml"><div><p>premier pas sur mahara</p></div></div></summary>

   <subtitle type="xhtml"><div xmlns="http://www.w3.org/1999/xhtml"><div></div></div></subtitle>
        <content type="xhtml"><div xmlns="http://www.w3.org/1999/xhtml"><div><div id="user_row_1" class="clearfix">
    <div class="row-content">
    <div id="user_row_1_column_1" class="column-layout columns3 first col-width-33" style="width:31%;">
    <div class="column-content">
        <div class="bt-text gridstackblock card card-secondary clearfix" id="user_blockinstance_99713">
    
    
        <div class="block-header quick-edit d-none">
    <a class="modal_link list-group-heading" href="#" title="Édition rapide">
        <span class="icon icon-pencil-alt" title="Édition rapide"></span>
        Édition rapide
    </a>
</div>

    
    
        <h2 class="title card-header js-heading">
            

            <span class="collapse-inline">
                Texte n°1
                
            </span>

            

        </h2>
    

    <div class="block" id="user_blockinstance_99713_target">
        
        
            

<div class="textblock card-body flush">
<p>moi et le descriptif du premier texte</p>
</div>


        
    </div>
</div>

    </div>
</div>
<div id="user_row_1_column_2" class="column-layout columns3 col-width-33" style="width:31%;">
    <div class="column-content">
        <div class="bt-image gridstackblock card card-secondary clearfix" id="user_blockinstance_99724">
    
    
    
        <h2 class="title card-header js-heading">
            

            <span class="collapse-inline">
                Image 001
                
            </span>

            

        </h2>
    

    <div class="block" id="user_blockinstance_99724_target">
        
        
            
        
    </div>
</div>

    </div>
</div>
<div id="user_row_1_column_3" class="column-layout columns3 last col-width-33" style="width:31%;">
    <div class="column-content">
        
    </div>
</div>

    </div>
</div>
</div></div></content>
        <rdf:type rdf:resource="leap2:selection"/>



        <category term="Webpage" scheme="categories:selection_type#"/>





        <mahara:view mahara:layout="33,33,33" mahara:type="portfolio" mahara:ownerformat="6">
        
            
            <mahara:row>
                
                <mahara:column>
                    
                    <mahara:blockinstance mahara:blocktype="text" mahara:blocktitle="Texte n°1">
                        
                            
                            <mahara:text>[&quot;&lt;p&gt;moi et le descriptif du premier texte&lt;\/p&gt;&quot;]</mahara:text>
                            
                        
                            
                            <mahara:instructions></mahara:instructions>
                            
                        
                        
                        
                    </mahara:blockinstance>
                    
                </mahara:column>
                
                <mahara:column>
                    
                    <mahara:blockinstance mahara:blocktype="image" mahara:blocktitle="Image 001">
                        
                            
                            <mahara:artefactid></mahara:artefactid>
                            
                        
                            
                            <mahara:showdescription>[false]</mahara:showdescription>
                            
                        
                            
                            <mahara:width>[&quot;&quot;]</mahara:width>
                            
                        
                            
                            <mahara:retractable>[0]</mahara:retractable>
                            
                        
                            
                            <mahara:removeoncancel>[1]</mahara:removeoncancel>
                            
                        
                            
                            <mahara:sure>[1]</mahara:sure>
                            
                        
                            
                            <mahara:retractedonload>[0]</mahara:retractedonload>
                            
                        
                        
                        
                    </mahara:blockinstance>
                    
                </mahara:column>
                
                <mahara:column>
                    
                </mahara:column>
                
            </mahara:row>
            
        
        </mahara:view>
    </entry>

</feed>
